id,torneo_id,equipo_local_id,equipo_visitante_id,fecha,jornada,goles_local,goles_visitante
cmlmgwve3003zp4zcditqcd66,FFM-P-M-FSP-A-2026,xxvykydpifsapfau72439crkk,tziicpsffzkwooln63257wnaj,2026-06-20 00:00:00,15,1,3
cmlmgwve40045p4zcfeqvdzsu,FFM-P-M-FSP-A-2026,wejbvnpjfddprayi56851nywm,adrithlvwtdhgcxm44467psde,2026-06-20 00:30:00,15,4,4
cmlmgwve40044p4zc0zraleo6,FFM-P-M-FSP-A-2026,iqsonebbiywvoxzr63562kwcg,niujlcyjulnsrfss48567ijaa,2026-06-20 00:30:00,15,2,2
cmlmgwve40046p4zcjm1yl8ba,FFM-P-M-FSP-A-2026,jlmvlskhdofdgywx21537tyml,tythronuthqkvmdl94637zbol,2026-06-20 00:30:00,15,3,1
cmlmgwve30041p4zcmmupqr91,FFM-P-M-FSP-A-2026,qcovjxoltlivasyy94560eqge,buqhdbuybepnrwfj45861sfmv,2026-06-20 00:30:00,15,1,3
cmlmgwve30040p4zcjcrl4a0a,FFM-P-M-FSP-A-2026,rvrkcfvivhratbxd30828eoll,tpuenmmsfepzkuvs52687qkrz,2026-06-20 00:30:00,15,4,2
cmlmgwve40043p4zcy7jadh6i,FFM-P-M-FSP-A-2026,uuouhvydksjxykxe23230jxen,clv9y14tc0002s5sdcij3kdes,2026-06-20 01:00:00,15,5,5
cmlmgwve3003vp4zc3zydw747,FFM-P-M-FSP-A-2026,clv9y14tc0002s5sdcij3kdes,evgubysfaryqquxp91003epne,2026-06-13 00:00:00,14,8,3
cmlmgwve3003up4zc20malcwx,FFM-P-M-FSP-A-2026,xiixkzqhypqkmtyr19648wlcf,qcovjxoltlivasyy94560eqge,2026-06-13 00:00:00,14,5,3
cmlmgwve3003wp4zc01g6c3qe,FFM-P-M-FSP-A-2026,niujlcyjulnsrfss48567ijaa,uuouhvydksjxykxe23230jxen,2026-06-13 00:00:00,14,3,2
cmlmgwve3003xp4zc6sgczut4,FFM-P-M-FSP-A-2026,adrithlvwtdhgcxm44467psde,iqsonebbiywvoxzr63562kwcg,2026-06-13 00:00:00,14,5,1
cmlmgwve3003rp4zco18kfj98,FFM-P-M-FSP-A-2026,tpuenmmsfepzkuvs52687qkrz,xxvykydpifsapfau72439crkk,2026-06-13 00:00:00,14,0,0
cmlmgwve3003yp4zcdp5nrfp3,FFM-P-M-FSP-A-2026,jlmvlskhdofdgywx21537tyml,wejbvnpjfddprayi56851nywm,2026-06-13 00:30:00,14,2,3
cmlmgwve3003tp4zcgh8lw8et,FFM-P-M-FSP-A-2026,buqhdbuybepnrwfj45861sfmv,rvrkcfvivhratbxd30828eoll,2026-06-13 01:00:00,14,7,4
cmlmgwve3003sp4zcc3nrv785,FFM-P-M-FSP-A-2026,tythronuthqkvmdl94637zbol,tziicpsffzkwooln63257wnaj,2026-06-13 01:15:00,14,0,10
cmlmgwve3003kp4zcxle6r9kp,FFM-P-M-FSP-A-2026,tziicpsffzkwooln63257wnaj,tpuenmmsfepzkuvs52687qkrz,2026-06-06 00:00:00,13,1,2
cmlmgwve3003mp4zccepf2l45,FFM-P-M-FSP-A-2026,qcovjxoltlivasyy94560eqge,clv9y14tc0002s5sdcij3kdes,2026-06-06 00:30:00,13,4,1
cmlmgwve3003lp4zcjdsd8ip5,FFM-P-M-FSP-A-2026,rvrkcfvivhratbxd30828eoll,xiixkzqhypqkmtyr19648wlcf,2026-06-06 00:30:00,13,0,3
cmlmgwve3003jp4zc6onjl74j,FFM-P-M-FSP-A-2026,xxvykydpifsapfau72439crkk,buqhdbuybepnrwfj45861sfmv,2026-06-06 00:30:00,13,2,3
cmlmgwve3003pp4zcof3ik4e4,FFM-P-M-FSP-A-2026,iqsonebbiywvoxzr63562kwcg,jlmvlskhdofdgywx21537tyml,2026-06-06 00:30:00,13,3,2
cmlmgwve3003qp4zcru5yzu0i,FFM-P-M-FSP-A-2026,wejbvnpjfddprayi56851nywm,tythronuthqkvmdl94637zbol,2026-06-06 00:30:00,13,4,2
cmlmgwve3003op4zcsskbwqk3,FFM-P-M-FSP-A-2026,uuouhvydksjxykxe23230jxen,adrithlvwtdhgcxm44467psde,2026-06-06 01:00:00,13,0,5
cmlmgwve3003np4zcjbu8fczi,FFM-P-M-FSP-A-2026,evgubysfaryqquxp91003epne,niujlcyjulnsrfss48567ijaa,2026-06-09 00:30:00,13,3,2
cmlmgwve3003ep4zc98bsxbko,FFM-P-M-FSP-A-2026,clv9y14tc0002s5sdcij3kdes,rvrkcfvivhratbxd30828eoll,2026-05-28 00:30:00,12,7,2
cmlmgwve3003bp4zcyjios7yk,FFM-P-M-FSP-A-2026,xiixkzqhypqkmtyr19648wlcf,xxvykydpifsapfau72439crkk,2026-05-30 00:00:00,12,2,2
cmlmgwve3003dp4zc5jdqblwg,FFM-P-M-FSP-A-2026,tythronuthqkvmdl94637zbol,tpuenmmsfepzkuvs52687qkrz,2026-05-30 00:00:00,12,3,1
cmlmgwve3003gp4zcks8hww2q,FFM-P-M-FSP-A-2026,adrithlvwtdhgcxm44467psde,evgubysfaryqquxp91003epne,2026-05-30 00:00:00,12,3,1
cmlmgwve3003ip4zcwk8u76dt,FFM-P-M-FSP-A-2026,wejbvnpjfddprayi56851nywm,iqsonebbiywvoxzr63562kwcg,2026-05-30 00:30:00,12,3,1
cmlmgwve3003hp4zcstc3124c,FFM-P-M-FSP-A-2026,jlmvlskhdofdgywx21537tyml,uuouhvydksjxykxe23230jxen,2026-05-30 01:30:00,12,4,2
cmlmgwve3003fp4zcsrtufa5y,FFM-P-M-FSP-A-2026,niujlcyjulnsrfss48567ijaa,qcovjxoltlivasyy94560eqge,2026-05-30 01:30:00,12,2,1
cmlmgwve3003cp4zcrhpyndko,FFM-P-M-FSP-A-2026,buqhdbuybepnrwfj45861sfmv,tziicpsffzkwooln63257wnaj,2026-06-03 00:30:00,12,2,1
cmlmgwve30035p4zckrbgf8c4,FFM-P-M-FSP-A-2026,tpuenmmsfepzkuvs52687qkrz,buqhdbuybepnrwfj45861sfmv,2026-05-23 00:00:00,11,2,3
cmlmgwve30037p4zc3sjm7h69,FFM-P-M-FSP-A-2026,qcovjxoltlivasyy94560eqge,adrithlvwtdhgcxm44467psde,2026-05-23 00:00:00,11,1,1
cmlmgwve30033p4zceope1iq5,FFM-P-M-FSP-A-2026,xxvykydpifsapfau72439crkk,clv9y14tc0002s5sdcij3kdes,2026-05-23 00:00:00,11,2,0
cmlmgwve30038p4zcs1rd98pr,FFM-P-M-FSP-A-2026,evgubysfaryqquxp91003epne,jlmvlskhdofdgywx21537tyml,2026-05-23 00:30:00,11,4,2
cmlmgwve30036p4zczxd334xa,FFM-P-M-FSP-A-2026,rvrkcfvivhratbxd30828eoll,niujlcyjulnsrfss48567ijaa,2026-05-23 00:30:00,11,1,3
cmlmgwve30039p4zc03yd121f,FFM-P-M-FSP-A-2026,uuouhvydksjxykxe23230jxen,wejbvnpjfddprayi56851nywm,2026-05-23 01:00:00,11,1,2
cmlmgwve3003ap4zc6q53efpt,FFM-P-M-FSP-A-2026,iqsonebbiywvoxzr63562kwcg,tythronuthqkvmdl94637zbol,2026-06-09 01:00:00,11,3,4
cmlmgwve30034p4zc5o2jowcm,FFM-P-M-FSP-A-2026,tziicpsffzkwooln63257wnaj,xiixkzqhypqkmtyr19648wlcf,2026-06-15 23:00:00,11,4,4
cmlmgwve2002wp4zcmh4arqbh,FFM-P-M-FSP-A-2026,clv9y14tc0002s5sdcij3kdes,tziicpsffzkwooln63257wnaj,2026-05-15 00:00:00,10,2,1
cmlmgwve30030p4zcfr4quoow,FFM-P-M-FSP-A-2026,jlmvlskhdofdgywx21537tyml,qcovjxoltlivasyy94560eqge,2026-05-16 00:00:00,10,1,0
cmlmgwve30031p4zc16lqhjgt,FFM-P-M-FSP-A-2026,wejbvnpjfddprayi56851nywm,evgubysfaryqquxp91003epne,2026-05-16 00:00:00,10,3,0
cmlmgwve2002xp4zcpvjtdeij,FFM-P-M-FSP-A-2026,xiixkzqhypqkmtyr19648wlcf,tpuenmmsfepzkuvs52687qkrz,2026-05-16 00:00:00,10,6,2
cmlmgwve3002zp4zcvikke90m,FFM-P-M-FSP-A-2026,adrithlvwtdhgcxm44467psde,rvrkcfvivhratbxd30828eoll,2026-05-16 00:00:00,10,6,1
cmlmgwve2002vp4zcoa2tktr3,FFM-P-M-FSP-A-2026,niujlcyjulnsrfss48567ijaa,xxvykydpifsapfau72439crkk,2026-05-16 00:00:00,10,1,2
cmlmgwve30032p4zc6srm7oa6,FFM-P-M-FSP-A-2026,iqsonebbiywvoxzr63562kwcg,uuouhvydksjxykxe23230jxen,2026-05-16 00:30:00,10,5,4
cmlmgwve2002yp4zc1mc16i7n,FFM-P-M-FSP-A-2026,tythronuthqkvmdl94637zbol,buqhdbuybepnrwfj45861sfmv,2026-05-16 00:30:00,10,1,7
cmlmgwve2002np4zcvxn4ghmi,FFM-P-M-FSP-A-2026,xxvykydpifsapfau72439crkk,adrithlvwtdhgcxm44467psde,2026-05-09 00:00:00,9,3,4
cmlmgwve2002op4zcdc2nzz6p,FFM-P-M-FSP-A-2026,tziicpsffzkwooln63257wnaj,niujlcyjulnsrfss48567ijaa,2026-05-09 00:30:00,9,1,2
cmlmgwve2002tp4zce5oau034,FFM-P-M-FSP-A-2026,evgubysfaryqquxp91003epne,iqsonebbiywvoxzr63562kwcg,2026-05-09 00:30:00,9,3,1
cmlmgwve2002rp4zcfxouyrdc,FFM-P-M-FSP-A-2026,rvrkcfvivhratbxd30828eoll,jlmvlskhdofdgywx21537tyml,2026-05-09 00:30:00,9,3,3
cmlmgwve2002up4zc0thy1ir2,FFM-P-M-FSP-A-2026,uuouhvydksjxykxe23230jxen,tythronuthqkvmdl94637zbol,2026-05-09 01:00:00,9,2,5
cmlmgwve2002sp4zc6x9mz9ae,FFM-P-M-FSP-A-2026,qcovjxoltlivasyy94560eqge,wejbvnpjfddprayi56851nywm,2026-05-19 01:30:00,9,5,3
cmlmgwve2002pp4zc7px9jtpc,FFM-P-M-FSP-A-2026,tpuenmmsfepzkuvs52687qkrz,clv9y14tc0002s5sdcij3kdes,2026-05-20 00:00:00,9,4,2
cmlmgwve2002qp4zckkr7d882,FFM-P-M-FSP-A-2026,buqhdbuybepnrwfj45861sfmv,xiixkzqhypqkmtyr19648wlcf,2026-06-09 00:30:00,9,1,3
cmlmgwve2002ip4zc9vgqpm4x,FFM-P-M-FSP-A-2026,clv9y14tc0002s5sdcij3kdes,buqhdbuybepnrwfj45861sfmv,2026-04-24 01:00:00,8,3,2
cmlmgwve2002gp4zchzxt3scp,FFM-P-M-FSP-A-2026,adrithlvwtdhgcxm44467psde,tziicpsffzkwooln63257wnaj,2026-04-25 00:00:00,8,2,0
cmlmgwve2002fp4zcqoj4wyq0,FFM-P-M-FSP-A-2026,jlmvlskhdofdgywx21537tyml,xxvykydpifsapfau72439crkk,2026-04-25 00:00:00,8,0,3
cmlmgwve2002jp4zcvg5c0yd4,FFM-P-M-FSP-A-2026,tythronuthqkvmdl94637zbol,xiixkzqhypqkmtyr19648wlcf,2026-04-25 00:00:00,8,3,4
cmlmgwve2002lp4zchx1fr1zq,FFM-P-M-FSP-A-2026,iqsonebbiywvoxzr63562kwcg,qcovjxoltlivasyy94560eqge,2026-04-25 00:00:00,8,2,1
cmlmgwve2002hp4zcbaaxh9ph,FFM-P-M-FSP-A-2026,niujlcyjulnsrfss48567ijaa,tpuenmmsfepzkuvs52687qkrz,2026-04-25 00:30:00,8,2,2
cmlmgwve2002kp4zcfiulxd9u,FFM-P-M-FSP-A-2026,wejbvnpjfddprayi56851nywm,rvrkcfvivhratbxd30828eoll,2026-04-25 00:30:00,8,5,0
cmlmgwve2002mp4zch1azuf7u,FFM-P-M-FSP-A-2026,uuouhvydksjxykxe23230jxen,evgubysfaryqquxp91003epne,2026-04-25 01:00:00,8,3,1
cmlmgwve20028p4zctkax55n3,FFM-P-M-FSP-A-2026,tziicpsffzkwooln63257wnaj,jlmvlskhdofdgywx21537tyml,2026-04-18 00:00:00,7,3,1
cmlmgwve2002bp4zclasnqwgs,FFM-P-M-FSP-A-2026,xiixkzqhypqkmtyr19648wlcf,clv9y14tc0002s5sdcij3kdes,2026-04-18 00:00:00,7,10,4
cmlmgwve20029p4zcyd4z0ys9,FFM-P-M-FSP-A-2026,tpuenmmsfepzkuvs52687qkrz,adrithlvwtdhgcxm44467psde,2026-04-18 00:30:00,7,1,2
cmlmgwve20027p4zc1fwr3wej,FFM-P-M-FSP-A-2026,xxvykydpifsapfau72439crkk,wejbvnpjfddprayi56851nywm,2026-04-18 00:30:00,7,1,0
cmlmgwve2002dp4zcoowh27yg,FFM-P-M-FSP-A-2026,qcovjxoltlivasyy94560eqge,uuouhvydksjxykxe23230jxen,2026-04-18 00:30:00,7,3,3
cmlmgwve2002cp4zcbts6gj1b,FFM-P-M-FSP-A-2026,rvrkcfvivhratbxd30828eoll,iqsonebbiywvoxzr63562kwcg,2026-04-18 00:30:00,7,1,2
cmlmgwve2002ep4zcuzlb2f6m,FFM-P-M-FSP-A-2026,evgubysfaryqquxp91003epne,tythronuthqkvmdl94637zbol,2026-04-18 00:30:00,7,4,4
cmlmgwve2002ap4zcems9pidv,FFM-P-M-FSP-A-2026,buqhdbuybepnrwfj45861sfmv,niujlcyjulnsrfss48567ijaa,2026-04-18 00:30:00,7,0,3
cmlmgwve20026p4zcsuu059t6,FFM-P-M-FSP-A-2026,evgubysfaryqquxp91003epne,qcovjxoltlivasyy94560eqge,2026-04-11 00:00:00,6,1,3
cmlmgwve20020p4zch9sciu9d,FFM-P-M-FSP-A-2026,wejbvnpjfddprayi56851nywm,tziicpsffzkwooln63257wnaj,2026-04-11 00:00:00,6,2,2
cmlmgwve20024p4zcl3qvtvet,FFM-P-M-FSP-A-2026,tythronuthqkvmdl94637zbol,clv9y14tc0002s5sdcij3kdes,2026-04-11 00:00:00,6,6,4
cmlmgwve2001zp4zcypy4v6dr,FFM-P-M-FSP-A-2026,iqsonebbiywvoxzr63562kwcg,xxvykydpifsapfau72439crkk,2026-04-11 00:30:00,6,0,3
cmlmgwve20021p4zcltbmsypl,FFM-P-M-FSP-A-2026,jlmvlskhdofdgywx21537tyml,tpuenmmsfepzkuvs52687qkrz,2026-04-11 00:30:00,6,2,2
cmlmgwve20025p4zcokkzyj7q,FFM-P-M-FSP-A-2026,uuouhvydksjxykxe23230jxen,rvrkcfvivhratbxd30828eoll,2026-04-11 01:00:00,6,3,1
cmlmgwve20022p4zc24kgg88h,FFM-P-M-FSP-A-2026,adrithlvwtdhgcxm44467psde,buqhdbuybepnrwfj45861sfmv,2026-04-14 00:00:00,6,0,1
cmlmgwve20023p4zc32lmugor,FFM-P-M-FSP-A-2026,niujlcyjulnsrfss48567ijaa,xiixkzqhypqkmtyr19648wlcf,2026-04-14 00:30:00,6,2,5
cmlmgwve1001sp4zcrdfz42as,FFM-P-M-FSP-A-2026,tziicpsffzkwooln63257wnaj,iqsonebbiywvoxzr63562kwcg,2026-03-26 01:00:00,5,4,1
cmlmgwve2001wp4zc9ky9h0c1,FFM-P-M-FSP-A-2026,clv9y14tc0002s5sdcij3kdes,niujlcyjulnsrfss48567ijaa,2026-03-28 00:00:00,5,1,2
cmlmgwve2001vp4zcpx08cem1,FFM-P-M-FSP-A-2026,xiixkzqhypqkmtyr19648wlcf,adrithlvwtdhgcxm44467psde,2026-03-28 00:00:00,5,6,3
cmlmgwve1001tp4zc7fctqp0g,FFM-P-M-FSP-A-2026,tpuenmmsfepzkuvs52687qkrz,wejbvnpjfddprayi56851nywm,2026-03-28 00:30:00,5,4,3
cmlmgwve2001xp4zcv1k00xkn,FFM-P-M-FSP-A-2026,rvrkcfvivhratbxd30828eoll,evgubysfaryqquxp91003epne,2026-03-28 00:30:00,5,4,3
cmlmgwve2001yp4zc6hyyepzg,FFM-P-M-FSP-A-2026,qcovjxoltlivasyy94560eqge,tythronuthqkvmdl94637zbol,2026-03-28 00:30:00,5,2,1
cmlmgwve1001up4zcoer36zzf,FFM-P-M-FSP-A-2026,buqhdbuybepnrwfj45861sfmv,jlmvlskhdofdgywx21537tyml,2026-03-28 01:30:00,5,1,1
cmlmgwve1001rp4zcdcm5kjp6,FFM-P-M-FSP-A-2026,xxvykydpifsapfau72439crkk,uuouhvydksjxykxe23230jxen,2026-04-08 00:30:00,5,3,1
cmlmgwve1001op4zcjdxcfrl5,FFM-P-M-FSP-A-2026,adrithlvwtdhgcxm44467psde,clv9y14tc0002s5sdcij3kdes,2026-03-19 00:30:00,4,3,4
cmlmgwve1001lp4zcbpq1tb5n,FFM-P-M-FSP-A-2026,iqsonebbiywvoxzr63562kwcg,tpuenmmsfepzkuvs52687qkrz,2026-03-21 00:00:00,4,6,4
cmlmgwve1001pp4zcmksnsi2b,FFM-P-M-FSP-A-2026,tythronuthqkvmdl94637zbol,niujlcyjulnsrfss48567ijaa,2026-03-21 00:30:00,4,2,6
cmlmgwve1001mp4zcdbuypjw0,FFM-P-M-FSP-A-2026,wejbvnpjfddprayi56851nywm,buqhdbuybepnrwfj45861sfmv,2026-03-21 00:30:00,4,2,1
cmlmgwve1001qp4zciouvmvl4,FFM-P-M-FSP-A-2026,qcovjxoltlivasyy94560eqge,rvrkcfvivhratbxd30828eoll,2026-03-21 00:30:00,4,4,3
cmlmgwve1001kp4zca216lsqu,FFM-P-M-FSP-A-2026,uuouhvydksjxykxe23230jxen,tziicpsffzkwooln63257wnaj,2026-03-21 01:15:00,4,2,4
cmlmgwve1001np4zcof34w6sq,FFM-P-M-FSP-A-2026,jlmvlskhdofdgywx21537tyml,xiixkzqhypqkmtyr19648wlcf,2026-03-21 01:30:00,4,2,3
cmlmgwve1001jp4zccy8qfwa4,FFM-P-M-FSP-A-2026,evgubysfaryqquxp91003epne,xxvykydpifsapfau72439crkk,2026-05-01 00:30:00,4,1,5
cmlmgwve1001bp4zcgqt0or1t,FFM-P-M-FSP-A-2026,xxvykydpifsapfau72439crkk,qcovjxoltlivasyy94560eqge,2026-03-14 00:00:00,3,5,0
cmlmgwve1001cp4zczof6wzua,FFM-P-M-FSP-A-2026,tziicpsffzkwooln63257wnaj,evgubysfaryqquxp91003epne,2026-03-14 00:30:00,3,8,0
cmlmgwve1001hp4zcs9bk4tko,FFM-P-M-FSP-A-2026,niujlcyjulnsrfss48567ijaa,adrithlvwtdhgcxm44467psde,2026-03-14 01:30:00,3,2,1
cmlmgwve1001fp4zcbzk36aur,FFM-P-M-FSP-A-2026,xiixkzqhypqkmtyr19648wlcf,wejbvnpjfddprayi56851nywm,2026-03-31 00:00:00,3,7,4
cmlmgwve1001ep4zckwgi0a6c,FFM-P-M-FSP-A-2026,buqhdbuybepnrwfj45861sfmv,iqsonebbiywvoxzr63562kwcg,2026-03-31 00:00:00,3,6,1
cmlmgwve1001gp4zckwzw1fb9,FFM-P-M-FSP-A-2026,clv9y14tc0002s5sdcij3kdes,jlmvlskhdofdgywx21537tyml,2026-03-31 00:30:00,3,2,2
cmlmgwve1001ip4zcic0acqn8,FFM-P-M-FSP-A-2026,rvrkcfvivhratbxd30828eoll,tythronuthqkvmdl94637zbol,2026-03-31 00:30:00,3,3,1
cmlmgwve1001dp4zcgvlc0b33,FFM-P-M-FSP-A-2026,tpuenmmsfepzkuvs52687qkrz,uuouhvydksjxykxe23230jxen,2026-03-31 01:00:00,3,2,1
cmlmgwve10015p4zce6dwa519,FFM-P-M-FSP-A-2026,evgubysfaryqquxp91003epne,tpuenmmsfepzkuvs52687qkrz,2026-03-07 00:00:00,2,2,7
cmlmgwve1001ap4zcxnxf3ct9,FFM-P-M-FSP-A-2026,tythronuthqkvmdl94637zbol,adrithlvwtdhgcxm44467psde,2026-03-07 00:00:00,2,1,1
cmlmgwve10019p4zcufhdx1fo,FFM-P-M-FSP-A-2026,jlmvlskhdofdgywx21537tyml,niujlcyjulnsrfss48567ijaa,2026-03-07 00:00:00,2,5,4
cmlmgwve10013p4zc85u5hv1u,FFM-P-M-FSP-A-2026,rvrkcfvivhratbxd30828eoll,xxvykydpifsapfau72439crkk,2026-03-07 00:30:00,2,0,2
cmlmgwve10018p4zcin83vnmu,FFM-P-M-FSP-A-2026,wejbvnpjfddprayi56851nywm,clv9y14tc0002s5sdcij3kdes,2026-03-07 00:30:00,2,3,2
cmlmgwve10014p4zclcmy1a0q,FFM-P-M-FSP-A-2026,qcovjxoltlivasyy94560eqge,tziicpsffzkwooln63257wnaj,2026-03-07 00:30:00,2,0,2
cmlmgwve10016p4zcf2gzuuui,FFM-P-M-FSP-A-2026,uuouhvydksjxykxe23230jxen,buqhdbuybepnrwfj45861sfmv,2026-03-07 01:00:00,2,2,2
cmlmgwve10017p4zclmc644bc,FFM-P-M-FSP-A-2026,iqsonebbiywvoxzr63562kwcg,xiixkzqhypqkmtyr19648wlcf,2026-03-10 00:00:00,2,1,5
cmlmgwve10011p4zc58r8m82n,FFM-P-M-FSP-A-2026,niujlcyjulnsrfss48567ijaa,wejbvnpjfddprayi56851nywm,2026-02-28 00:00:00,1,1,2
cmlmgwve1000zp4zcrfd0wo28,FFM-P-M-FSP-A-2026,xiixkzqhypqkmtyr19648wlcf,uuouhvydksjxykxe23230jxen,2026-02-28 00:00:00,1,4,0
cmlmgwve1000vp4zci8z7r8z7,FFM-P-M-FSP-A-2026,xxvykydpifsapfau72439crkk,tythronuthqkvmdl94637zbol,2026-02-28 00:30:00,1,2,0
cmlmgwve10012p4zcskrr7o5j,FFM-P-M-FSP-A-2026,adrithlvwtdhgcxm44467psde,jlmvlskhdofdgywx21537tyml,2026-02-28 00:30:00,1,3,3
cmlmgwve1000xp4zc4h7xxheh,FFM-P-M-FSP-A-2026,qcovjxoltlivasyy94560eqge,tpuenmmsfepzkuvs52687qkrz,2026-02-28 00:30:00,1,1,3
cmlmgwve1000wp4zcw7q8yowh,FFM-P-M-FSP-A-2026,tziicpsffzkwooln63257wnaj,rvrkcfvivhratbxd30828eoll,2026-02-28 00:30:00,1,2,1
cmlmgwve10010p4zc1rxlyvav,FFM-P-M-FSP-A-2026,clv9y14tc0002s5sdcij3kdes,iqsonebbiywvoxzr63562kwcg,2026-02-28 00:30:00,1,1,5
cmlmgwve1000yp4zcrrjkblvv,FFM-P-M-FSP-A-2026,buqhdbuybepnrwfj45861sfmv,evgubysfaryqquxp91003epne,2026-02-28 00:30:00,1,7,4
